1791279795,2.57,simulation
1791280686,152.53,reel
1791281088,152.54,reel
1791282748,152.54,reel
1791283422,152.54,reel
1791283739,152.54,reel
1791290801,152.54,reel
1791304921,152.53,reel
1791305871,152.53,reel
1791307056,152.52,reel
1791307363,152.52,reel
1791322457,152.52,reel
1791323038,152.53,reel
1791323501,152.52,reel
1791323696,152.53,reel
1791336262,152.52,reel
1791337163,152.52,reel
1791337573,152.52,reel
1791337882,152.51,reel
1791359950,152.45,reel
1791361918,152.45,reel
1791363155,152.43,reel
1791364225,152.43,reel
1791388176,152.38,reel
1791389973,152.39,reel
1791391188,152.39,reel
1791403288,152.40,reel
1791404914,152.39,reel
1791405362,151.42,reel
1791406333,151.34,reel
1791407242,151.34,reel
1791408122,151.62,reel
1791409022,151.74,reel
1791409922,151.56,reel
1791410842,151.55,reel
1791411741,151.32,reel
1791412622,151.44,reel
1791413522,151.72,reel
1791414442,151.58,reel
1791415322,151.66,reel
1791416222,151.74,reel
1791417142,151.79,reel
1791418042,151.65,reel
1791418941,151.35,reel
1791419822,151.37,reel
1791420722,151.09,reel
1791421642,151.44,reel
1791422522,151.52,reel
1791423422,151.51,reel
1791424322,150.36,reel
1791425242,149.85,reel
1791426123,150.02,reel
1791427031,150.05,reel
