1789983225,149.99,reel
1789983464,149.99,reel
1789993277,149.95,simulation
1790001268,149.95,reel
1790007837,149.95,reel
1790024267,149.95,reel
1790032000,149.95,reel
1790035217,149.95,reel
1790041120,149.95,reel
1790041623,149.95,reel
1790042171,149.95,reel
1790051982,149.95,reel
1790063256,149.95,reel
1790063733,149.95,reel
1790063877,149.95,reel
1790070619,149.95,reel
1790083314,149.95,reel
1790083765,149.95,reel
1790084265,149.95,reel
1790084522,149.95,reel
1790088007,149.95,reel
1790099210,149.95,reel
1790100576,149.95,reel
1790100887,149.95,reel
1790102684,149.95,reel
1790109020,149.95,reel
1790112514,149.95,reel
1790113034,149.95,reel
1790114321,149.95,reel
1790119087,149.95,reel
1790120844,149.95,reel
1790122620,149.95,reel
1790124164,149.95,reel
1790128318,149.95,reel
1790139902,149.95,reel
1790142562,149.95,reel
1790143562,149.95,reel
1790147319,149.95,reel
1790158490,149.95,reel
1790162587,149.95,reel
1790164243,149.95,reel
1790168564,149.95,reel
1790176218,149.95,reel
1790181924,149.95,reel
1790183693,149.95,reel
1790186385,149.95,reel
1790190663,149.95,reel
1790194215,149.95,reel
1790195430,149.95,reel
1790200226,149.95,reel
1790202377,149.95,reel
1790206535,149.95,reel
1790207245,149.95,reel
1790208380,149.95,reel
1790210993,149.95,reel
1790224371,149.95,reel
1790226211,149.95,reel
1790227959,149.95,reel
1790232042,149.95,reel
1790243582,149.95,reel
1790244743,149.95,reel
1790245972,149.95,reel
1790254313,149.95,reel
1790261631,149.95,reel
1790262951,149.95,reel
1790263881,149.95,reel
1790272533,149.95,reel
1790276440,149.95,reel
1790277513,149.95,reel
1790278284,149.95,reel
1790286261,149.95,reel
1790287983,149.95,reel
1790289173,149.95,reel
1790289888,149.95,reel
1790297057,149.95,reel
1790297801,149.95,reel
1790299391,149.95,reel
1790300270,149.95,reel
1790317970,149.95,reel
1790318613,149.95,reel
1790321892,149.95,reel
1790323106,149.95,reel
1790338055,149.95,reel
1790338874,149.95,reel
1790343429,149.95,reel
1790344594,149.95,reel
1790357379,149.95,reel
1790357727,149.95,reel
1790360933,149.95,reel
1790361842,149.95,reel
1790368938,149.95,reel
1790369202,149.91,reel
1790374350,149.73,reel
1790375444,149.71,reel
1790379525,149.58,reel
1790381171,149.66,reel
1790385990,149.84,reel
1790386886,149.75,reel
1790388245,149.73,reel
1790400152,149.58,reel
1790407802,149.73,reel
1790409086,149.62,reel
1790409672,149.64,reel
1790417379,149.54,reel
1790427511,149.58,reel
1790428403,149.61,reel
1790429099,149.56,reel
1790433716,149.41,reel
1790442185,149.44,reel
1790443006,149.36,reel
1790443522,149.43,reel
1790448088,149.75,reel
1790451742,149.77,reel
1790452620,149.77,reel
1790453596,149.73,reel
1790460581,149.63,reel
1790462361,149.71,reel
1790463509,149.69,reel
1790464338,149.70,reel
1790470171,149.23,reel
1790471897,149.07,reel
1790472842,149.09,reel
1790474122,149.25,reel
1790492538,149.47,reel
1790495981,149.76,reel
1790497275,149.88,reel
1790498136,149.88,reel
1790514933,149.86,reel
1790516994,149.95,reel
1790518133,149.95,reel
1790518820,150.05,reel
1790531725,149.91,reel
1790532960,149.99,reel
1790533843,150.03,reel
1790534452,150.01,reel
1790544757,150.13,reel
1790545210,150.07,reel
1790546401,150.10,reel
1790547686,149.91,reel
1790553309,149.94,reel
1790553746,149.94,reel
1790555479,150.00,reel
1790557110,150.28,reel
1790574385,150.25,reel
1790575121,150.38,reel
1790577525,150.33,reel
1790579024,150.26,reel
1790583992,150.16,reel
1790585897,150.13,reel
1790605405,150.84,reel
1790606109,151.17,reel
1790608638,150.98,reel
1790609898,150.95,reel
1790628175,151.14,reel
1790628733,151.15,reel
1790632154,151.45,reel
1790633350,151.35,reel
1790642819,151.58,reel
1790644363,151.48,reel
1790646347,151.53,reel
1790647450,151.41,reel
1790662653,151.22,reel
1790666824,151.27,reel
1790669963,151.12,reel
1790671354,151.27,reel
1790688338,151.69,reel
1790691452,151.85,reel
1790696380,151.69,reel
1790697572,151.75,reel
1790708099,151.91,reel
1790710556,151.31,reel
1790714398,150.44,reel
1790715254,150.89,reel
1790723413,152.26,reel
1790723662,152.23,reel
1790727492,153.14,reel
1790728472,153.54,reel
1790734754,151.94,reel
1790735322,151.54,reel
1790750121,152.91,reel
1790751080,153.20,reel
1790758598,153.89,reel
1790758946,154.48,reel
1790775275,154.45,reel
1790776473,155.33,reel
1790784208,157.96,reel
1790784430,156.30,reel
1790795119,157.99,reel
1790796566,157.26,reel
1790801860,157.38,reel
1790802212,157.61,reel
1790809068,154.76,reel
1790812690,155.95,reel
1790815656,155.74,reel
1790815920,156.44,reel
1790820038,156.33,reel
1790834955,155.91,reel
1790837114,155.23,reel
1790840493,156.47,reel
1790844221,154.51,reel
1790861535,151.79,reel
1790863068,152.57,reel
1790869047,153.30,reel
1790871472,153.85,reel
1790883469,153.64,reel
1790884497,153.76,reel
1790886549,152.16,reel
1790891124,153.21,reel
1790899068,152.51,reel
1790899623,152.73,reel
1790900186,152.31,reel
1790904800,152.79,reel
1790920378,151.45,reel
1790921129,151.45,reel
1790922015,151.27,reel
1790929351,151.72,reel
1790945461,150.94,reel
